EDITION,NAME,TOKEN,ATTRIBUTE:COLLECTION,ATTRIBUTE:TITLE,ATTRIBUTE:MINTAGE,ATTRIBUTE:POWER,ATTRIBUTE:YEAR,ATTRIBUTE:SCORE,RANKING,MEDIA:ORIGINAL,MEDIA:THUMBNAIL
1,Emidas Digital Action Figure,XSUPREMES-40d4d0-01,Supreme Heroes,Emidas Digital Action Figure,150,200,2022,N/A,N/A,https://ipfs.io/ipfs/QmcWmeXrzbvTLmnXRkiVnQmEMS7GqKQHGgunWHpa3BLosg,
2,Emidas Digital Action Figure,XSUPREMES-40d4d0-02,Supreme Heroes,Emidas Digital Action Figure,150,200,2022,N/A,N/A,https://ipfs.io/ipfs/QmcWmeXrzbvTLmnXRkiVnQmEMS7GqKQHGgunWHpa3BLosg,
3,Emidas Digital Action Figure,XSUPREMES-40d4d0-03,Supreme Heroes,Emidas Digital Action Figure,150,200,2022,N/A,N/A,https://ipfs.io/ipfs/QmcWmeXrzbvTLmnXRkiVnQmEMS7GqKQHGgunWHpa3BLosg,
4,Emidas Digital Action Figure,XSUPREMES-40d4d0-04,Supreme Heroes,Emidas Digital Action Figure,150,200,2022,N/A,N/A,https://ipfs.io/ipfs/QmcWmeXrzbvTLmnXRkiVnQmEMS7GqKQHGgunWHpa3BLosg,
5,Emidas Digital Action Figure,XSUPREMES-40d4d0-05,Supreme Heroes,Emidas Digital Action Figure,150,200,2022,N/A,N/A,https://ipfs.io/ipfs/QmcWmeXrzbvTLmnXRkiVnQmEMS7GqKQHGgunWHpa3BLosg,
6,Emidas Digital Action Figure,XSUPREMES-40d4d0-06,Supreme Heroes,Emidas Digital Action Figure,150,200,2022,N/A,N/A,https://ipfs.io/ipfs/QmcWmeXrzbvTLmnXRkiVnQmEMS7GqKQHGgunWHpa3BLosg,
7,Emidas Digital Action Figure,XSUPREMES-40d4d0-07,Supreme Heroes,Emidas Digital Action Figure,150,200,2022,N/A,N/A,https://ipfs.io/ipfs/QmcWmeXrzbvTLmnXRkiVnQmEMS7GqKQHGgunWHpa3BLosg,
8,Emidas Digital Action Figure,XSUPREMES-40d4d0-08,Supreme Heroes,Emidas Digital Action Figure,150,200,2022,N/A,N/A,https://ipfs.io/ipfs/QmcWmeXrzbvTLmnXRkiVnQmEMS7GqKQHGgunWHpa3BLosg,
9,Emidas Digital Action Figure,XSUPREMES-40d4d0-09,Supreme Heroes,Emidas Digital Action Figure,150,200,2022,N/A,N/A,https://ipfs.io/ipfs/QmcWmeXrzbvTLmnXRkiVnQmEMS7GqKQHGgunWHpa3BLosg,
10,Emidas Digital Action Figure,XSUPREMES-40d4d0-0A,Supreme Heroes,Emidas Digital Action Figure,150,200,2022,N/A,N/A,https://ipfs.io/ipfs/QmcWmeXrzbvTLmnXRkiVnQmEMS7GqKQHGgunWHpa3BLosg,
11,Emidas Digital Action Figure,XSUPREMES-40d4d0-0B,Supreme Heroes,Emidas Digital Action Figure,150,200,2022,N/A,N/A,https://ipfs.io/ipfs/QmcWmeXrzbvTLmnXRkiVnQmEMS7GqKQHGgunWHpa3BLosg,
12,Emidas Digital Action Figure,XSUPREMES-40d4d0-0C,Supreme Heroes,Emidas Digital Action Figure,150,200,2022,N/A,N/A,https://ipfs.io/ipfs/QmcWmeXrzbvTLmnXRkiVnQmEMS7GqKQHGgunWHpa3BLosg,
13,Emidas Digital Action Figure,XSUPREMES-40d4d0-0D,Supreme Heroes,Emidas Digital Action Figure,150,200,2022,N/A,N/A,https://ipfs.io/ipfs/QmcWmeXrzbvTLmnXRkiVnQmEMS7GqKQHGgunWHpa3BLosg,
14,Emidas Digital Action Figure,XSUPREMES-40d4d0-0E,Supreme Heroes,Emidas Digital Action Figure,150,200,2022,N/A,N/A,https://ipfs.io/ipfs/QmcWmeXrzbvTLmnXRkiVnQmEMS7GqKQHGgunWHpa3BLosg,
15,Emidas Digital Action Figure,XSUPREMES-40d4d0-0F,Supreme Heroes,Emidas Digital Action Figure,150,200,2022,N/A,N/A,https://ipfs.io/ipfs/QmcWmeXrzbvTLmnXRkiVnQmEMS7GqKQHGgunWHpa3BLosg,
16,Emidas Digital Action Figure,XSUPREMES-40d4d0-10,Supreme Heroes,Emidas Digital Action Figure,150,200,2022,N/A,N/A,https://ipfs.io/ipfs/QmcWmeXrzbvTLmnXRkiVnQmEMS7GqKQHGgunWHpa3BLosg,
17,Emidas Digital Action Figure,XSUPREMES-40d4d0-11,Supreme Heroes,Emidas Digital Action Figure,150,200,2022,N/A,N/A,https://ipfs.io/ipfs/QmcWmeXrzbvTLmnXRkiVnQmEMS7GqKQHGgunWHpa3BLosg,
18,Emidas Digital Action Figure,XSUPREMES-40d4d0-12,Supreme Heroes,Emidas Digital Action Figure,150,200,2022,N/A,N/A,https://ipfs.io/ipfs/QmcWmeXrzbvTLmnXRkiVnQmEMS7GqKQHGgunWHpa3BLosg,
19,Emidas Digital Action Figure,XSUPREMES-40d4d0-13,Supreme Heroes,Emidas Digital Action Figure,150,200,2022,N/A,N/A,https://ipfs.io/ipfs/QmcWmeXrzbvTLmnXRkiVnQmEMS7GqKQHGgunWHpa3BLosg,
20,Emidas Digital Action Figure,XSUPREMES-40d4d0-14,Supreme Heroes,Emidas Digital Action Figure,150,200,2022,N/A,N/A,https://ipfs.io/ipfs/QmcWmeXrzbvTLmnXRkiVnQmEMS7GqKQHGgunWHpa3BLosg,
21,Emidas Digital Action Figure,XSUPREMES-40d4d0-15,Supreme Heroes,Emidas Digital Action Figure,150,200,2022,N/A,N/A,https://ipfs.io/ipfs/QmcWmeXrzbvTLmnXRkiVnQmEMS7GqKQHGgunWHpa3BLosg,
22,Emidas Digital Action Figure,XSUPREMES-40d4d0-16,Supreme Heroes,Emidas Digital Action Figure,150,200,2022,N/A,N/A,https://ipfs.io/ipfs/QmcWmeXrzbvTLmnXRkiVnQmEMS7GqKQHGgunWHpa3BLosg,
23,Emidas Digital Action Figure,XSUPREMES-40d4d0-17,Supreme Heroes,Emidas Digital Action Figure,150,200,2022,N/A,N/A,https://ipfs.io/ipfs/QmcWmeXrzbvTLmnXRkiVnQmEMS7GqKQHGgunWHpa3BLosg,
24,Emidas Digital Action Figure,XSUPREMES-40d4d0-18,Supreme Heroes,Emidas Digital Action Figure,150,200,2022,N/A,N/A,https://ipfs.io/ipfs/QmcWmeXrzbvTLmnXRkiVnQmEMS7GqKQHGgunWHpa3BLosg,
25,Emidas Digital Action Figure,XSUPREMES-40d4d0-19,Supreme Heroes,Emidas Digital Action Figure,150,200,2022,N/A,N/A,https://ipfs.io/ipfs/QmcWmeXrzbvTLmnXRkiVnQmEMS7GqKQHGgunWHpa3BLosg,
26,Emidas Digital Action Figure,XSUPREMES-40d4d0-1A,Supreme Heroes,Emidas Digital Action Figure,150,200,2022,N/A,N/A,https://ipfs.io/ipfs/QmcWmeXrzbvTLmnXRkiVnQmEMS7GqKQHGgunWHpa3BLosg,
27,Emidas Digital Action Figure,XSUPREMES-40d4d0-1B,Supreme Heroes,Emidas Digital Action Figure,150,200,2022,N/A,N/A,https://ipfs.io/ipfs/QmcWmeXrzbvTLmnXRkiVnQmEMS7GqKQHGgunWHpa3BLosg,
28,Emidas Digital Action Figure,XSUPREMES-40d4d0-1C,Supreme Heroes,Emidas Digital Action Figure,150,200,2022,N/A,N/A,https://ipfs.io/ipfs/QmcWmeXrzbvTLmnXRkiVnQmEMS7GqKQHGgunWHpa3BLosg,
29,Emidas Digital Action Figure,XSUPREMES-40d4d0-1D,Supreme Heroes,Emidas Digital Action Figure,150,200,2022,N/A,N/A,https://ipfs.io/ipfs/QmcWmeXrzbvTLmnXRkiVnQmEMS7GqKQHGgunWHpa3BLosg,
30,Emidas Digital Action Figure,XSUPREMES-40d4d0-1E,Supreme Heroes,Emidas Digital Action Figure,150,200,2022,N/A,N/A,https://ipfs.io/ipfs/QmcWmeXrzbvTLmnXRkiVnQmEMS7GqKQHGgunWHpa3BLosg,
31,Emidas Digital Action Figure,XSUPREMES-40d4d0-1F,Supreme Heroes,Emidas Digital Action Figure,150,200,2022,N/A,N/A,https://ipfs.io/ipfs/QmcWmeXrzbvTLmnXRkiVnQmEMS7GqKQHGgunWHpa3BLosg,
32,Emidas Digital Action Figure,XSUPREMES-40d4d0-20,Supreme Heroes,Emidas Digital Action Figure,150,200,2022,N/A,N/A,https://ipfs.io/ipfs/QmcWmeXrzbvTLmnXRkiVnQmEMS7GqKQHGgunWHpa3BLosg,
33,Emidas Digital Action Figure,XSUPREMES-40d4d0-21,Supreme Heroes,Emidas Digital Action Figure,150,200,2022,N/A,N/A,https://ipfs.io/ipfs/QmcWmeXrzbvTLmnXRkiVnQmEMS7GqKQHGgunWHpa3BLosg,
34,Emidas Digital Action Figure,XSUPREMES-40d4d0-22,Supreme Heroes,Emidas Digital Action Figure,150,200,2022,N/A,N/A,https://ipfs.io/ipfs/QmcWmeXrzbvTLmnXRkiVnQmEMS7GqKQHGgunWHpa3BLosg,
35,Emidas Digital Action Figure,XSUPREMES-40d4d0-23,Supreme Heroes,Emidas Digital Action Figure,150,200,2022,N/A,N/A,https://ipfs.io/ipfs/QmcWmeXrzbvTLmnXRkiVnQmEMS7GqKQHGgunWHpa3BLosg,
36,Emidas Digital Action Figure,XSUPREMES-40d4d0-24,Supreme Heroes,Emidas Digital Action Figure,150,200,2022,N/A,N/A,https://ipfs.io/ipfs/QmcWmeXrzbvTLmnXRkiVnQmEMS7GqKQHGgunWHpa3BLosg,
37,Emidas Digital Action Figure,XSUPREMES-40d4d0-25,Supreme Heroes,Emidas Digital Action Figure,150,200,2022,N/A,N/A,https://ipfs.io/ipfs/QmcWmeXrzbvTLmnXRkiVnQmEMS7GqKQHGgunWHpa3BLosg,
38,Emidas Digital Action Figure,XSUPREMES-40d4d0-26,Supreme Heroes,Emidas Digital Action Figure,150,200,2022,N/A,N/A,https://ipfs.io/ipfs/QmcWmeXrzbvTLmnXRkiVnQmEMS7GqKQHGgunWHpa3BLosg,
39,Emidas Digital Action Figure,XSUPREMES-40d4d0-27,Supreme Heroes,Emidas Digital Action Figure,150,200,2022,N/A,N/A,https://ipfs.io/ipfs/QmcWmeXrzbvTLmnXRkiVnQmEMS7GqKQHGgunWHpa3BLosg,
40,Emidas Digital Action Figure,XSUPREMES-40d4d0-28,Supreme Heroes,Emidas Digital Action Figure,150,200,2022,N/A,N/A,https://ipfs.io/ipfs/QmcWmeXrzbvTLmnXRkiVnQmEMS7GqKQHGgunWHpa3BLosg,
41,Emidas Digital Action Figure,XSUPREMES-40d4d0-29,Supreme Heroes,Emidas Digital Action Figure,150,200,2022,N/A,N/A,https://ipfs.io/ipfs/QmcWmeXrzbvTLmnXRkiVnQmEMS7GqKQHGgunWHpa3BLosg,
42,Emidas Digital Action Figure,XSUPREMES-40d4d0-2A,Supreme Heroes,Emidas Digital Action Figure,150,200,2022,N/A,N/A,https://ipfs.io/ipfs/QmcWmeXrzbvTLmnXRkiVnQmEMS7GqKQHGgunWHpa3BLosg,
43,Emidas Digital Action Figure,XSUPREMES-40d4d0-2B,Supreme Heroes,Emidas Digital Action Figure,150,200,2022,N/A,N/A,https://ipfs.io/ipfs/QmcWmeXrzbvTLmnXRkiVnQmEMS7GqKQHGgunWHpa3BLosg,
44,Emidas Digital Action Figure,XSUPREMES-40d4d0-2C,Supreme Heroes,Emidas Digital Action Figure,150,200,2022,N/A,N/A,https://ipfs.io/ipfs/QmcWmeXrzbvTLmnXRkiVnQmEMS7GqKQHGgunWHpa3BLosg,
45,Emidas Digital Action Figure,XSUPREMES-40d4d0-2D,Supreme Heroes,Emidas Digital Action Figure,150,200,2022,N/A,N/A,https://ipfs.io/ipfs/QmcWmeXrzbvTLmnXRkiVnQmEMS7GqKQHGgunWHpa3BLosg,
46,Emidas Digital Action Figure,XSUPREMES-40d4d0-2E,Supreme Heroes,Emidas Digital Action Figure,150,200,2022,N/A,N/A,https://ipfs.io/ipfs/QmcWmeXrzbvTLmnXRkiVnQmEMS7GqKQHGgunWHpa3BLosg,
47,Emidas Digital Action Figure,XSUPREMES-40d4d0-2F,Supreme Heroes,Emidas Digital Action Figure,150,200,2022,N/A,N/A,https://ipfs.io/ipfs/QmcWmeXrzbvTLmnXRkiVnQmEMS7GqKQHGgunWHpa3BLosg,
48,Emidas Digital Action Figure,XSUPREMES-40d4d0-30,Supreme Heroes,Emidas Digital Action Figure,150,200,2022,N/A,N/A,https://ipfs.io/ipfs/QmcWmeXrzbvTLmnXRkiVnQmEMS7GqKQHGgunWHpa3BLosg,
49,Emidas Digital Action Figure,XSUPREMES-40d4d0-31,Supreme Heroes,Emidas Digital Action Figure,150,200,2022,N/A,N/A,https://ipfs.io/ipfs/QmcWmeXrzbvTLmnXRkiVnQmEMS7GqKQHGgunWHpa3BLosg,
50,Emidas Digital Action Figure,XSUPREMES-40d4d0-32,Supreme Heroes,Emidas Digital Action Figure,150,200,2022,N/A,N/A,https://ipfs.io/ipfs/QmcWmeXrzbvTLmnXRkiVnQmEMS7GqKQHGgunWHpa3BLosg,
51,Emidas Digital Action Figure,XSUPREMES-40d4d0-33,Supreme Heroes,Emidas Digital Action Figure,150,200,2022,N/A,N/A,https://ipfs.io/ipfs/QmcWmeXrzbvTLmnXRkiVnQmEMS7GqKQHGgunWHpa3BLosg,
52,Emidas Digital Action Figure,XSUPREMES-40d4d0-34,Supreme Heroes,Emidas Digital Action Figure,150,200,2022,N/A,N/A,https://ipfs.io/ipfs/QmcWmeXrzbvTLmnXRkiVnQmEMS7GqKQHGgunWHpa3BLosg,
53,Emidas Digital Action Figure,XSUPREMES-40d4d0-35,Supreme Heroes,Emidas Digital Action Figure,150,200,2022,N/A,N/A,https://ipfs.io/ipfs/QmcWmeXrzbvTLmnXRkiVnQmEMS7GqKQHGgunWHpa3BLosg,
54,Emidas Digital Action Figure,XSUPREMES-40d4d0-36,Supreme Heroes,Emidas Digital Action Figure,150,200,2022,N/A,N/A,https://ipfs.io/ipfs/QmcWmeXrzbvTLmnXRkiVnQmEMS7GqKQHGgunWHpa3BLosg,
55,Emidas Digital Action Figure,XSUPREMES-40d4d0-37,Supreme Heroes,Emidas Digital Action Figure,150,200,2022,N/A,N/A,https://ipfs.io/ipfs/QmcWmeXrzbvTLmnXRkiVnQmEMS7GqKQHGgunWHpa3BLosg,
56,Emidas Digital Action Figure,XSUPREMES-40d4d0-38,Supreme Heroes,Emidas Digital Action Figure,150,200,2022,N/A,N/A,https://ipfs.io/ipfs/QmcWmeXrzbvTLmnXRkiVnQmEMS7GqKQHGgunWHpa3BLosg,
57,Emidas Digital Action Figure,XSUPREMES-40d4d0-39,Supreme Heroes,Emidas Digital Action Figure,150,200,2022,N/A,N/A,https://ipfs.io/ipfs/QmcWmeXrzbvTLmnXRkiVnQmEMS7GqKQHGgunWHpa3BLosg,
58,Emidas Digital Action Figure,XSUPREMES-40d4d0-3A,Supreme Heroes,Emidas Digital Action Figure,150,200,2022,N/A,N/A,https://ipfs.io/ipfs/QmcWmeXrzbvTLmnXRkiVnQmEMS7GqKQHGgunWHpa3BLosg,
59,Emidas Digital Action Figure,XSUPREMES-40d4d0-3B,Supreme Heroes,Emidas Digital Action Figure,150,200,2022,N/A,N/A,https://ipfs.io/ipfs/QmcWmeXrzbvTLmnXRkiVnQmEMS7GqKQHGgunWHpa3BLosg,
60,Emidas Digital Action Figure,XSUPREMES-40d4d0-3C,Supreme Heroes,Emidas Digital Action Figure,150,200,2022,N/A,N/A,https://ipfs.io/ipfs/QmcWmeXrzbvTLmnXRkiVnQmEMS7GqKQHGgunWHpa3BLosg,
61,Emidas Digital Action Figure,XSUPREMES-40d4d0-3D,Supreme Heroes,Emidas Digital Action Figure,150,200,2022,N/A,N/A,https://ipfs.io/ipfs/QmcWmeXrzbvTLmnXRkiVnQmEMS7GqKQHGgunWHpa3BLosg,
62,Emidas Digital Action Figure,XSUPREMES-40d4d0-3E,Supreme Heroes,Emidas Digital Action Figure,150,200,2022,N/A,N/A,https://ipfs.io/ipfs/QmcWmeXrzbvTLmnXRkiVnQmEMS7GqKQHGgunWHpa3BLosg,
63,Emidas Digital Action Figure,XSUPREMES-40d4d0-3F,Supreme Heroes,Emidas Digital Action Figure,150,200,2022,N/A,N/A,https://ipfs.io/ipfs/QmcWmeXrzbvTLmnXRkiVnQmEMS7GqKQHGgunWHpa3BLosg,
64,Emidas Digital Action Figure,XSUPREMES-40d4d0-40,Supreme Heroes,Emidas Digital Action Figure,150,200,2022,N/A,N/A,https://ipfs.io/ipfs/QmcWmeXrzbvTLmnXRkiVnQmEMS7GqKQHGgunWHpa3BLosg,
65,Emidas Digital Action Figure,XSUPREMES-40d4d0-41,Supreme Heroes,Emidas Digital Action Figure,150,200,2022,N/A,N/A,https://ipfs.io/ipfs/QmcWmeXrzbvTLmnXRkiVnQmEMS7GqKQHGgunWHpa3BLosg,
66,Emidas Digital Action Figure,XSUPREMES-40d4d0-42,Supreme Heroes,Emidas Digital Action Figure,150,200,2022,N/A,N/A,https://ipfs.io/ipfs/QmcWmeXrzbvTLmnXRkiVnQmEMS7GqKQHGgunWHpa3BLosg,
67,Emidas Digital Action Figure,XSUPREMES-40d4d0-43,Supreme Heroes,Emidas Digital Action Figure,150,200,2022,N/A,N/A,https://ipfs.io/ipfs/QmcWmeXrzbvTLmnXRkiVnQmEMS7GqKQHGgunWHpa3BLosg,
68,Emidas Digital Action Figure,XSUPREMES-40d4d0-44,Supreme Heroes,Emidas Digital Action Figure,150,200,2022,N/A,N/A,https://ipfs.io/ipfs/QmcWmeXrzbvTLmnXRkiVnQmEMS7GqKQHGgunWHpa3BLosg,
69,Emidas Digital Action Figure,XSUPREMES-40d4d0-45,Supreme Heroes,Emidas Digital Action Figure,150,200,2022,N/A,N/A,https://ipfs.io/ipfs/QmcWmeXrzbvTLmnXRkiVnQmEMS7GqKQHGgunWHpa3BLosg,
70,Emidas Digital Action Figure,XSUPREMES-40d4d0-46,Supreme Heroes,Emidas Digital Action Figure,150,200,2022,N/A,N/A,https://ipfs.io/ipfs/QmcWmeXrzbvTLmnXRkiVnQmEMS7GqKQHGgunWHpa3BLosg,
71,Emidas Digital Action Figure,XSUPREMES-40d4d0-47,Supreme Heroes,Emidas Digital Action Figure,150,200,2022,N/A,N/A,https://ipfs.io/ipfs/QmcWmeXrzbvTLmnXRkiVnQmEMS7GqKQHGgunWHpa3BLosg,
72,Emidas Digital Action Figure,XSUPREMES-40d4d0-48,Supreme Heroes,Emidas Digital Action Figure,150,200,2022,N/A,N/A,https://ipfs.io/ipfs/QmcWmeXrzbvTLmnXRkiVnQmEMS7GqKQHGgunWHpa3BLosg,
73,Emidas Digital Action Figure,XSUPREMES-40d4d0-49,Supreme Heroes,Emidas Digital Action Figure,150,200,2022,N/A,N/A,https://ipfs.io/ipfs/QmcWmeXrzbvTLmnXRkiVnQmEMS7GqKQHGgunWHpa3BLosg,
74,Emidas Digital Action Figure,XSUPREMES-40d4d0-4A,Supreme Heroes,Emidas Digital Action Figure,150,200,2022,N/A,N/A,https://ipfs.io/ipfs/QmcWmeXrzbvTLmnXRkiVnQmEMS7GqKQHGgunWHpa3BLosg,
75,Emidas Digital Action Figure,XSUPREMES-40d4d0-4B,Supreme Heroes,Emidas Digital Action Figure,150,200,2022,N/A,N/A,https://ipfs.io/ipfs/QmcWmeXrzbvTLmnXRkiVnQmEMS7GqKQHGgunWHpa3BLosg,
76,Emidas Digital Action Figure,XSUPREMES-40d4d0-4C,Supreme Heroes,Emidas Digital Action Figure,150,200,2022,N/A,N/A,https://ipfs.io/ipfs/QmcWmeXrzbvTLmnXRkiVnQmEMS7GqKQHGgunWHpa3BLosg,
77,Emidas Digital Action Figure,XSUPREMES-40d4d0-4D,Supreme Heroes,Emidas Digital Action Figure,150,200,2022,N/A,N/A,https://ipfs.io/ipfs/QmcWmeXrzbvTLmnXRkiVnQmEMS7GqKQHGgunWHpa3BLosg,
78,Emidas Digital Action Figure,XSUPREMES-40d4d0-4E,Supreme Heroes,Emidas Digital Action Figure,150,200,2022,N/A,N/A,https://ipfs.io/ipfs/QmcWmeXrzbvTLmnXRkiVnQmEMS7GqKQHGgunWHpa3BLosg,
79,Emidas Digital Action Figure,XSUPREMES-40d4d0-4F,Supreme Heroes,Emidas Digital Action Figure,150,200,2022,N/A,N/A,https://ipfs.io/ipfs/QmcWmeXrzbvTLmnXRkiVnQmEMS7GqKQHGgunWHpa3BLosg,
80,Emidas Digital Action Figure,XSUPREMES-40d4d0-50,Supreme Heroes,Emidas Digital Action Figure,150,200,2022,N/A,N/A,https://ipfs.io/ipfs/QmcWmeXrzbvTLmnXRkiVnQmEMS7GqKQHGgunWHpa3BLosg,
81,Emidas Digital Action Figure,XSUPREMES-40d4d0-51,Supreme Heroes,Emidas Digital Action Figure,150,200,2022,N/A,N/A,https://ipfs.io/ipfs/QmcWmeXrzbvTLmnXRkiVnQmEMS7GqKQHGgunWHpa3BLosg,
82,Emidas Digital Action Figure,XSUPREMES-40d4d0-52,Supreme Heroes,Emidas Digital Action Figure,150,200,2022,N/A,N/A,https://ipfs.io/ipfs/QmcWmeXrzbvTLmnXRkiVnQmEMS7GqKQHGgunWHpa3BLosg,
83,Emidas Digital Action Figure,XSUPREMES-40d4d0-53,Supreme Heroes,Emidas Digital Action Figure,150,200,2022,N/A,N/A,https://ipfs.io/ipfs/QmcWmeXrzbvTLmnXRkiVnQmEMS7GqKQHGgunWHpa3BLosg,
84,Emidas Digital Action Figure,XSUPREMES-40d4d0-54,Supreme Heroes,Emidas Digital Action Figure,150,200,2022,N/A,N/A,https://ipfs.io/ipfs/QmcWmeXrzbvTLmnXRkiVnQmEMS7GqKQHGgunWHpa3BLosg,
85,Emidas Digital Action Figure,XSUPREMES-40d4d0-55,Supreme Heroes,Emidas Digital Action Figure,150,200,2022,N/A,N/A,https://ipfs.io/ipfs/QmcWmeXrzbvTLmnXRkiVnQmEMS7GqKQHGgunWHpa3BLosg,
86,Emidas Digital Action Figure,XSUPREMES-40d4d0-56,Supreme Heroes,Emidas Digital Action Figure,150,200,2022,N/A,N/A,https://ipfs.io/ipfs/QmcWmeXrzbvTLmnXRkiVnQmEMS7GqKQHGgunWHpa3BLosg,
87,Emidas Digital Action Figure,XSUPREMES-40d4d0-57,Supreme Heroes,Emidas Digital Action Figure,150,200,2022,N/A,N/A,https://ipfs.io/ipfs/QmcWmeXrzbvTLmnXRkiVnQmEMS7GqKQHGgunWHpa3BLosg,
88,Emidas Digital Action Figure,XSUPREMES-40d4d0-58,Supreme Heroes,Emidas Digital Action Figure,150,200,2022,N/A,N/A,https://ipfs.io/ipfs/QmcWmeXrzbvTLmnXRkiVnQmEMS7GqKQHGgunWHpa3BLosg,
89,Emidas Digital Action Figure,XSUPREMES-40d4d0-59,Supreme Heroes,Emidas Digital Action Figure,150,200,2022,N/A,N/A,https://ipfs.io/ipfs/QmcWmeXrzbvTLmnXRkiVnQmEMS7GqKQHGgunWHpa3BLosg,
90,Emidas Digital Action Figure,XSUPREMES-40d4d0-5A,Supreme Heroes,Emidas Digital Action Figure,150,200,2022,N/A,N/A,https://ipfs.io/ipfs/QmcWmeXrzbvTLmnXRkiVnQmEMS7GqKQHGgunWHpa3BLosg,
91,Emidas Digital Action Figure,XSUPREMES-40d4d0-5B,Supreme Heroes,Emidas Digital Action Figure,150,200,2022,N/A,N/A,https://ipfs.io/ipfs/QmcWmeXrzbvTLmnXRkiVnQmEMS7GqKQHGgunWHpa3BLosg,
92,Emidas Digital Action Figure,XSUPREMES-40d4d0-5C,Supreme Heroes,Emidas Digital Action Figure,150,200,2022,N/A,N/A,https://ipfs.io/ipfs/QmcWmeXrzbvTLmnXRkiVnQmEMS7GqKQHGgunWHpa3BLosg,
93,Emidas Digital Action Figure,XSUPREMES-40d4d0-5D,Supreme Heroes,Emidas Digital Action Figure,150,200,2022,N/A,N/A,https://ipfs.io/ipfs/QmcWmeXrzbvTLmnXRkiVnQmEMS7GqKQHGgunWHpa3BLosg,
94,Emidas Digital Action Figure,XSUPREMES-40d4d0-5E,Supreme Heroes,Emidas Digital Action Figure,150,200,2022,N/A,N/A,https://ipfs.io/ipfs/QmcWmeXrzbvTLmnXRkiVnQmEMS7GqKQHGgunWHpa3BLosg,
95,Emidas Digital Action Figure,XSUPREMES-40d4d0-5F,Supreme Heroes,Emidas Digital Action Figure,150,200,2022,N/A,N/A,https://ipfs.io/ipfs/QmcWmeXrzbvTLmnXRkiVnQmEMS7GqKQHGgunWHpa3BLosg,
96,Emidas Digital Action Figure,XSUPREMES-40d4d0-60,Supreme Heroes,Emidas Digital Action Figure,150,200,2022,N/A,N/A,https://ipfs.io/ipfs/QmcWmeXrzbvTLmnXRkiVnQmEMS7GqKQHGgunWHpa3BLosg,
97,Emidas Digital Action Figure,XSUPREMES-40d4d0-61,Supreme Heroes,Emidas Digital Action Figure,150,200,2022,N/A,N/A,https://ipfs.io/ipfs/QmcWmeXrzbvTLmnXRkiVnQmEMS7GqKQHGgunWHpa3BLosg,
98,Emidas Digital Action Figure,XSUPREMES-40d4d0-62,Supreme Heroes,Emidas Digital Action Figure,150,200,2022,N/A,N/A,https://ipfs.io/ipfs/QmcWmeXrzbvTLmnXRkiVnQmEMS7GqKQHGgunWHpa3BLosg,
99,Emidas Digital Action Figure,XSUPREMES-40d4d0-63,Supreme Heroes,Emidas Digital Action Figure,150,200,2022,N/A,N/A,https://ipfs.io/ipfs/QmcWmeXrzbvTLmnXRkiVnQmEMS7GqKQHGgunWHpa3BLosg,
100,Emidas Digital Action Figure,XSUPREMES-40d4d0-64,Supreme Heroes,Emidas Digital Action Figure,150,200,2022,N/A,N/A,https://ipfs.io/ipfs/QmcWmeXrzbvTLmnXRkiVnQmEMS7GqKQHGgunWHpa3BLosg,
101,Emidas Digital Action Figure,XSUPREMES-40d4d0-65,Supreme Heroes,Emidas Digital Action Figure,150,200,2022,N/A,N/A,https://ipfs.io/ipfs/QmcWmeXrzbvTLmnXRkiVnQmEMS7GqKQHGgunWHpa3BLosg,
102,Emidas Digital Action Figure,XSUPREMES-40d4d0-66,Supreme Heroes,Emidas Digital Action Figure,150,200,2022,N/A,N/A,https://ipfs.io/ipfs/QmcWmeXrzbvTLmnXRkiVnQmEMS7GqKQHGgunWHpa3BLosg,
103,Emidas Digital Action Figure,XSUPREMES-40d4d0-67,Supreme Heroes,Emidas Digital Action Figure,150,200,2022,N/A,N/A,https://ipfs.io/ipfs/QmcWmeXrzbvTLmnXRkiVnQmEMS7GqKQHGgunWHpa3BLosg,
104,Emidas Digital Action Figure,XSUPREMES-40d4d0-68,Supreme Heroes,Emidas Digital Action Figure,150,200,2022,N/A,N/A,https://ipfs.io/ipfs/QmcWmeXrzbvTLmnXRkiVnQmEMS7GqKQHGgunWHpa3BLosg,
105,Emidas Digital Action Figure,XSUPREMES-40d4d0-69,Supreme Heroes,Emidas Digital Action Figure,150,200,2022,N/A,N/A,https://ipfs.io/ipfs/QmcWmeXrzbvTLmnXRkiVnQmEMS7GqKQHGgunWHpa3BLosg,
106,Emidas Digital Action Figure,XSUPREMES-40d4d0-6A,Supreme Heroes,Emidas Digital Action Figure,150,200,2022,N/A,N/A,https://ipfs.io/ipfs/QmcWmeXrzbvTLmnXRkiVnQmEMS7GqKQHGgunWHpa3BLosg,
107,Emidas Digital Action Figure,XSUPREMES-40d4d0-6B,Supreme Heroes,Emidas Digital Action Figure,150,200,2022,N/A,N/A,https://ipfs.io/ipfs/QmcWmeXrzbvTLmnXRkiVnQmEMS7GqKQHGgunWHpa3BLosg,
108,Emidas Digital Action Figure,XSUPREMES-40d4d0-6C,Supreme Heroes,Emidas Digital Action Figure,150,200,2022,N/A,N/A,https://ipfs.io/ipfs/QmcWmeXrzbvTLmnXRkiVnQmEMS7GqKQHGgunWHpa3BLosg,
109,Emidas Digital Action Figure,XSUPREMES-40d4d0-6D,Supreme Heroes,Emidas Digital Action Figure,150,200,2022,N/A,N/A,https://ipfs.io/ipfs/QmcWmeXrzbvTLmnXRkiVnQmEMS7GqKQHGgunWHpa3BLosg,
110,Emidas Digital Action Figure,XSUPREMES-40d4d0-6E,Supreme Heroes,Emidas Digital Action Figure,150,200,2022,N/A,N/A,https://ipfs.io/ipfs/QmcWmeXrzbvTLmnXRkiVnQmEMS7GqKQHGgunWHpa3BLosg,
111,Emidas Digital Action Figure,XSUPREMES-40d4d0-6F,Supreme Heroes,Emidas Digital Action Figure,150,200,2022,N/A,N/A,https://ipfs.io/ipfs/QmcWmeXrzbvTLmnXRkiVnQmEMS7GqKQHGgunWHpa3BLosg,
112,Emidas Digital Action Figure,XSUPREMES-40d4d0-70,Supreme Heroes,Emidas Digital Action Figure,150,200,2022,N/A,N/A,https://ipfs.io/ipfs/QmcWmeXrzbvTLmnXRkiVnQmEMS7GqKQHGgunWHpa3BLosg,
113,Emidas Digital Action Figure,XSUPREMES-40d4d0-71,Supreme Heroes,Emidas Digital Action Figure,150,200,2022,N/A,N/A,https://ipfs.io/ipfs/QmcWmeXrzbvTLmnXRkiVnQmEMS7GqKQHGgunWHpa3BLosg,
114,Emidas Digital Action Figure,XSUPREMES-40d4d0-72,Supreme Heroes,Emidas Digital Action Figure,150,200,2022,N/A,N/A,https://ipfs.io/ipfs/QmcWmeXrzbvTLmnXRkiVnQmEMS7GqKQHGgunWHpa3BLosg,
115,Emidas Digital Action Figure,XSUPREMES-40d4d0-73,Supreme Heroes,Emidas Digital Action Figure,150,200,2022,N/A,N/A,https://ipfs.io/ipfs/QmcWmeXrzbvTLmnXRkiVnQmEMS7GqKQHGgunWHpa3BLosg,
116,Emidas Digital Action Figure,XSUPREMES-40d4d0-74,Supreme Heroes,Emidas Digital Action Figure,150,200,2022,N/A,N/A,https://ipfs.io/ipfs/QmcWmeXrzbvTLmnXRkiVnQmEMS7GqKQHGgunWHpa3BLosg,
117,Emidas Digital Action Figure,XSUPREMES-40d4d0-75,Supreme Heroes,Emidas Digital Action Figure,150,200,2022,N/A,N/A,https://ipfs.io/ipfs/QmcWmeXrzbvTLmnXRkiVnQmEMS7GqKQHGgunWHpa3BLosg,
118,Emidas Digital Action Figure,XSUPREMES-40d4d0-76,Supreme Heroes,Emidas Digital Action Figure,150,200,2022,N/A,N/A,https://ipfs.io/ipfs/QmcWmeXrzbvTLmnXRkiVnQmEMS7GqKQHGgunWHpa3BLosg,
119,Emidas Digital Action Figure,XSUPREMES-40d4d0-77,Supreme Heroes,Emidas Digital Action Figure,150,200,2022,N/A,N/A,https://ipfs.io/ipfs/QmcWmeXrzbvTLmnXRkiVnQmEMS7GqKQHGgunWHpa3BLosg,
120,Emidas Digital Action Figure,XSUPREMES-40d4d0-78,Supreme Heroes,Emidas Digital Action Figure,150,200,2022,N/A,N/A,https://ipfs.io/ipfs/QmcWmeXrzbvTLmnXRkiVnQmEMS7GqKQHGgunWHpa3BLosg,
121,Emidas Digital Action Figure,XSUPREMES-40d4d0-79,Supreme Heroes,Emidas Digital Action Figure,150,200,2022,N/A,N/A,https://ipfs.io/ipfs/QmcWmeXrzbvTLmnXRkiVnQmEMS7GqKQHGgunWHpa3BLosg,
122,Emidas Digital Action Figure,XSUPREMES-40d4d0-7A,Supreme Heroes,Emidas Digital Action Figure,150,200,2022,N/A,N/A,https://ipfs.io/ipfs/QmcWmeXrzbvTLmnXRkiVnQmEMS7GqKQHGgunWHpa3BLosg,
123,Emidas Digital Action Figure,XSUPREMES-40d4d0-7B,Supreme Heroes,Emidas Digital Action Figure,150,200,2022,N/A,N/A,https://ipfs.io/ipfs/QmcWmeXrzbvTLmnXRkiVnQmEMS7GqKQHGgunWHpa3BLosg,
124,Emidas Digital Action Figure,XSUPREMES-40d4d0-7C,Supreme Heroes,Emidas Digital Action Figure,150,200,2022,N/A,N/A,https://ipfs.io/ipfs/QmcWmeXrzbvTLmnXRkiVnQmEMS7GqKQHGgunWHpa3BLosg,
125,Emidas Digital Action Figure,XSUPREMES-40d4d0-7D,Supreme Heroes,Emidas Digital Action Figure,150,200,2022,N/A,N/A,https://ipfs.io/ipfs/QmcWmeXrzbvTLmnXRkiVnQmEMS7GqKQHGgunWHpa3BLosg,
126,Emidas Digital Action Figure,XSUPREMES-40d4d0-7E,Supreme Heroes,Emidas Digital Action Figure,150,200,2022,N/A,N/A,https://ipfs.io/ipfs/QmcWmeXrzbvTLmnXRkiVnQmEMS7GqKQHGgunWHpa3BLosg,
127,Emidas Digital Action Figure,XSUPREMES-40d4d0-7F,Supreme Heroes,Emidas Digital Action Figure,150,200,2022,N/A,N/A,https://ipfs.io/ipfs/QmcWmeXrzbvTLmnXRkiVnQmEMS7GqKQHGgunWHpa3BLosg,
128,Emidas Digital Action Figure,XSUPREMES-40d4d0-80,Supreme Heroes,Emidas Digital Action Figure,150,200,2022,N/A,N/A,https://ipfs.io/ipfs/QmcWmeXrzbvTLmnXRkiVnQmEMS7GqKQHGgunWHpa3BLosg,
129,Emidas Digital Action Figure,XSUPREMES-40d4d0-81,Supreme Heroes,Emidas Digital Action Figure,150,200,2022,N/A,N/A,https://ipfs.io/ipfs/QmcWmeXrzbvTLmnXRkiVnQmEMS7GqKQHGgunWHpa3BLosg,
130,Emidas Digital Action Figure,XSUPREMES-40d4d0-82,Supreme Heroes,Emidas Digital Action Figure,150,200,2022,N/A,N/A,https://ipfs.io/ipfs/QmcWmeXrzbvTLmnXRkiVnQmEMS7GqKQHGgunWHpa3BLosg,
131,Emidas Digital Action Figure,XSUPREMES-40d4d0-83,Supreme Heroes,Emidas Digital Action Figure,150,200,2022,N/A,N/A,https://ipfs.io/ipfs/QmcWmeXrzbvTLmnXRkiVnQmEMS7GqKQHGgunWHpa3BLosg,
132,Emidas Digital Action Figure,XSUPREMES-40d4d0-84,Supreme Heroes,Emidas Digital Action Figure,150,200,2022,N/A,N/A,https://ipfs.io/ipfs/QmcWmeXrzbvTLmnXRkiVnQmEMS7GqKQHGgunWHpa3BLosg,
133,Emidas Digital Action Figure,XSUPREMES-40d4d0-85,Supreme Heroes,Emidas Digital Action Figure,150,200,2022,N/A,N/A,https://ipfs.io/ipfs/QmcWmeXrzbvTLmnXRkiVnQmEMS7GqKQHGgunWHpa3BLosg,
134,Emidas Digital Action Figure,XSUPREMES-40d4d0-86,Supreme Heroes,Emidas Digital Action Figure,150,200,2022,N/A,N/A,https://ipfs.io/ipfs/QmcWmeXrzbvTLmnXRkiVnQmEMS7GqKQHGgunWHpa3BLosg,
135,Emidas Digital Action Figure,XSUPREMES-40d4d0-87,Supreme Heroes,Emidas Digital Action Figure,150,200,2022,N/A,N/A,https://ipfs.io/ipfs/QmcWmeXrzbvTLmnXRkiVnQmEMS7GqKQHGgunWHpa3BLosg,
136,Emidas Digital Action Figure,XSUPREMES-40d4d0-88,Supreme Heroes,Emidas Digital Action Figure,150,200,2022,N/A,N/A,https://ipfs.io/ipfs/QmcWmeXrzbvTLmnXRkiVnQmEMS7GqKQHGgunWHpa3BLosg,
137,Emidas Digital Action Figure,XSUPREMES-40d4d0-89,Supreme Heroes,Emidas Digital Action Figure,150,200,2022,N/A,N/A,https://ipfs.io/ipfs/QmcWmeXrzbvTLmnXRkiVnQmEMS7GqKQHGgunWHpa3BLosg,
138,Emidas Digital Action Figure,XSUPREMES-40d4d0-8A,Supreme Heroes,Emidas Digital Action Figure,150,200,2022,N/A,N/A,https://ipfs.io/ipfs/QmcWmeXrzbvTLmnXRkiVnQmEMS7GqKQHGgunWHpa3BLosg,
139,Emidas Digital Action Figure,XSUPREMES-40d4d0-8B,Supreme Heroes,Emidas Digital Action Figure,150,200,2022,N/A,N/A,https://ipfs.io/ipfs/QmcWmeXrzbvTLmnXRkiVnQmEMS7GqKQHGgunWHpa3BLosg,
140,Emidas Digital Action Figure,XSUPREMES-40d4d0-8C,Supreme Heroes,Emidas Digital Action Figure,150,200,2022,N/A,N/A,https://ipfs.io/ipfs/QmcWmeXrzbvTLmnXRkiVnQmEMS7GqKQHGgunWHpa3BLosg,
141,Emidas Digital Action Figure,XSUPREMES-40d4d0-8D,Supreme Heroes,Emidas Digital Action Figure,150,200,2022,N/A,N/A,https://ipfs.io/ipfs/QmcWmeXrzbvTLmnXRkiVnQmEMS7GqKQHGgunWHpa3BLosg,
142,Emidas Digital Action Figure,XSUPREMES-40d4d0-8E,Supreme Heroes,Emidas Digital Action Figure,150,200,2022,N/A,N/A,https://ipfs.io/ipfs/QmcWmeXrzbvTLmnXRkiVnQmEMS7GqKQHGgunWHpa3BLosg,
143,Emidas Digital Action Figure,XSUPREMES-40d4d0-8F,Supreme Heroes,Emidas Digital Action Figure,150,200,2022,N/A,N/A,https://ipfs.io/ipfs/QmcWmeXrzbvTLmnXRkiVnQmEMS7GqKQHGgunWHpa3BLosg,
144,Emidas Digital Action Figure,XSUPREMES-40d4d0-90,Supreme Heroes,Emidas Digital Action Figure,150,200,2022,N/A,N/A,https://ipfs.io/ipfs/QmcWmeXrzbvTLmnXRkiVnQmEMS7GqKQHGgunWHpa3BLosg,
145,Emidas Digital Action Figure,XSUPREMES-40d4d0-91,Supreme Heroes,Emidas Digital Action Figure,150,200,2022,N/A,N/A,https://ipfs.io/ipfs/QmcWmeXrzbvTLmnXRkiVnQmEMS7GqKQHGgunWHpa3BLosg,
146,Emidas Digital Action Figure,XSUPREMES-40d4d0-92,Supreme Heroes,Emidas Digital Action Figure,150,200,2022,N/A,N/A,https://ipfs.io/ipfs/QmcWmeXrzbvTLmnXRkiVnQmEMS7GqKQHGgunWHpa3BLosg,
147,Emidas Digital Action Figure,XSUPREMES-40d4d0-93,Supreme Heroes,Emidas Digital Action Figure,150,200,2022,N/A,N/A,https://ipfs.io/ipfs/QmcWmeXrzbvTLmnXRkiVnQmEMS7GqKQHGgunWHpa3BLosg,
148,Emidas Digital Action Figure,XSUPREMES-40d4d0-94,Supreme Heroes,Emidas Digital Action Figure,150,200,2022,N/A,N/A,https://ipfs.io/ipfs/QmcWmeXrzbvTLmnXRkiVnQmEMS7GqKQHGgunWHpa3BLosg,
149,Emidas Digital Action Figure,XSUPREMES-40d4d0-95,Supreme Heroes,Emidas Digital Action Figure,150,200,2022,N/A,N/A,https://ipfs.io/ipfs/QmcWmeXrzbvTLmnXRkiVnQmEMS7GqKQHGgunWHpa3BLosg,